url,season,episode,title,transcript_written_date,transcript_revised_date,aired_date,writers,directors,timestamp
http://www.kacl780.net/frasier/transcripts/season_1/episode_1/the_good_son.html,1,1,The Good Son,22nd March 1999.,3rd August 2001.,16th September 1993.,"David Angell,Peter Casey,David Lee",James Burrows,2018-04-13 07:43:15
http://www.kacl780.net/frasier/transcripts/season_1/episode_2/space_quest.html,1,2,Space Quest,,,23rd September 1993,Sy Dukane &Denise Moss,James Burrows,2018-04-13 07:43:32
http://www.kacl780.net/frasier/transcripts/season_1/episode_3/dinner_at_eight.html,1,3,Dinner At Eight,"26th March, 1999.","10th March, 2003.","30th September, 1993.",Anne Fleet &Chuck Ranberg,James Burrows,2018-04-13 07:43:45
http://www.kacl780.net/frasier/transcripts/season_1/episode_4/i_hate_frasier_crane.html,1,4,I Hate Frasier Crane,27th June 1999.,10th March 2003.,7th October 1993.,Christopher Lloyd,David Lee,2018-04-13 07:44:08
http://www.kacl780.net/frasier/transcripts/season_1/episode_5/heres_looking_at_you.html,1,5,Here's Looking At You,19th July 1999,10th March 2003,14th October 1993,Brad Hall,Andy Ackerman,2018-04-13 07:44:28
http://www.kacl780.net/frasier/transcripts/season_1/episode_6/the_crucible.html,1,6,The Crucible,2nd April 1999,15th August 2001,21st October 1993,Sy Dukane& Denise Moss,James Burrows,2018-04-13 08:31:51
http://www.kacl780.net/frasier/transcripts/season_1/episode_7/call_me_irresponsible.html,1,7,Call Me Irresponsible,November 1999,10th March 2003,28th October 1993,Anne Flett andChuck Ranberg,James Burrows,2018-04-13 08:32:14
http://www.kacl780.net/frasier/transcripts/season_1/episode_8/beloved_infidel.html,1,8,Beloved Infidel,November 1999.,10th March 2003.,4th November 1993.,Leslie Eberhard,Andy Ackerman,2018-04-13 08:32:36
http://www.kacl780.net/frasier/transcripts/season_1/episode_9/selling_out.html,1,9,Selling Out,December 13th 1999.,"10th March, 2003.",11th November 1993.,Lloyd Garver,Andy Ackerman,2018-04-13 08:32:54
http://www.kacl780.net/frasier/transcripts/season_1/episode_10/oops.html,1,10,Oops,January 2000.,10th March 2003.,18th November 1993,Denise Moss &Sy Dukane,James Burrows,2018-04-13 08:33:12
http://www.kacl780.net/frasier/transcripts/season_1/episode_11/death_becomes_him.html,1,11,Death Becomes Him,February 2000.,10th March 2003.,2nd December 1993,Leslie Eberhard,Andy Ackerman,2018-04-13 08:33:32
http://www.kacl780.net/frasier/transcripts/season_1/episode_12/miracle_on_3rd_or_4th_street.html,1,12,Miracle On 3rd Or 4th Street,February 2000.,10th March 2003.,16th December 1993.,Christopher Lloyd,James Burrows,2018-04-13 08:33:48
http://www.kacl780.net/frasier/transcripts/season_1/episode_16/the_show_where_lilith_comes_back.html,1,16,The Show Where Lilith Comes Back,20th November 1999,10th March 2003,3rd February 1994,Christopher Lloyd,James Burrows,2018-04-13 08:36:55
http://www.kacl780.net/frasier/transcripts/season_1/episode_17/a_mid_winter_nights_dream.html,1,17,A Mid-Winter Night's Dream,15th February 1999.,13th August 2001.,10th February 1994.,Chuck Ranberg &Anne Flett-Giordano,David Lee,2018-04-13 08:37:08
http://www.kacl780.net/frasier/transcripts/season_1/episode_18/and_the_whimper_is.html,1,18,And The Whimper Is...,19th June 2000.,10th March 2003.,17th February 1994.,Sy Dukane &Denise Moss,James Burrows,2018-04-13 08:37:25
http://www.kacl780.net/frasier/transcripts/season_1/episode_22/author_author.html,1,22,"Author, Author",17th February 1999.,10th March 2003.,5th May 1994.,Don Seigel &Jerry Perzigian,James Burrows,2018-04-13 08:41:43
http://www.kacl780.net/frasier/transcripts/season_1/episode_13/guess_whos_coming_to_breakfast.html,1,13,Guess Who's Coming To Breakfast,April 26th 2000.,10th March 2003.,6th January 1994.,Molly Newman,Andy Ackerman,2018-04-13 21:43:17
http://www.kacl780.net/frasier/transcripts/season_1/episode_14/cant_buy_me_love.html,1,14,Can't Buy Me Love,May 22nd 2000,10th March 2003,20th January 1994,Chuck Ranberg &Anne Flett-Giordano,James Burrows,2018-04-13 21:43:36
http://www.kacl780.net/frasier/transcripts/season_1/episode_15/you_cant_tell_a_crook_by_his_cover.html,1,15,,5th June 2000.,10th March 2003.,27th January 1994.,David Lloyd,Andy Ackerman,2018-04-13 21:43:50
http://www.kacl780.net/frasier/transcripts/season_1/episode_19/give_him_the_chair.html,1,19,Give Him The Chair!,27th June 2000.,10th March 2003.,17th April 1994.,Anne Flett Giordano andChuck Ranberg,James Burrows,2018-04-13 21:44:05
http://www.kacl780.net/frasier/transcripts/season_1/episode_20/fortysomething.html,1,20,Fortysomething,July 2000,10th March 2003,31st March 1994,Sy Dukane andDenise Moss,Rick Beren,2018-04-13 21:44:15
http://www.kacl780.net/frasier/transcripts/season_1/episode_21/travels_with_martin.html,1,21,Travels With Martin,17th February 1999,10th March 2003,14th April 1994,Linda Morris& Vic Rauseo,James Burrows,2018-04-13 21:44:29
http://www.kacl780.net/frasier/transcripts/season_1/episode_23/frasier_cranes_day_off.html,1,23,Frasier Crane's Day Off,21st February 1999.,10th March 2003.,12th May 1994.,Chuck Ranberg& Anne Flett-Giordano,James Burrows,2018-04-13 21:44:47
http://www.kacl780.net/frasier/transcripts/season_1/episode_24/my_coffee_with_niles.html,1,24,My Coffee With Niles,16th February 1999.,10th March 2003.,19th May 1994.,"David Angell,Peter Casey",James Burrows,2018-04-13 21:45:04
http://www.kacl780.net/frasier/transcripts/season_2/episode_1/slow_tango_in_south_seattle.html,2,1,Slow Tango In South Seattle,8th January 2000.,8th February 2003.,20th September 1994.,Martin Weiss,James Burrows,2018-04-13 21:45:18
http://www.kacl780.net/frasier/transcripts/season_2/episode_2/the_unkindest_cut_of_all.html,2,2,The Unkindest Cut Of All,June 4th 2000,8th February 2003,September 27th 1994,Dave Hackel,Rick Beren,2018-04-13 21:45:36
http://www.kacl780.net/frasier/transcripts/season_2/episode_3/the_matchmaker.html,2,3,The Matchmaker,18th February 1999,8th February 2003,4th October 1994,Joe Keenan,David Lee,2018-04-13 21:45:50
http://www.kacl780.net/frasier/transcripts/season_2/episode_4/flour_child.html,2,4,Flour Child,31st December 1999,8th February 2003,11th October 1994,Christopher Lloyd,James Burrows,2018-04-13 21:46:06
http://www.kacl780.net/frasier/transcripts/season_2/episode_5/dukes_we_hardly_knew_ye.html,2,5,"Duke's, We Hardly Knew Ye","September 8, 2000","February 8, 2003",18th October 1994,Linda Morris andVic Rauseo,James Burrows,2018-04-13 21:46:26
http://www.kacl780.net/frasier/transcripts/season_2/episode_6/the_botched_langauge_of_the_cranes.html,2,6,The Botched Language Of Cranes,23rd July 2000,8th February 2003,1st November 1994,Joe Keenan,David Lee,2018-04-13 21:46:43
http://www.kacl780.net/frasier/transcripts/season_2/episode_7/the_candidate.html,2,7,The Candidate,24th July 2000,8th February 2003,8th November 1994,Chuck Ranberg &Anne Flett-Giordano,James Burrows,2018-04-13 21:46:59
http://www.kacl780.net/frasier/transcripts/season_2/episode_8/adventures_in_paradise_1.html,2,8,,9th June 2000,8th February 2003,15th November 1994,Ken Levine& David Isaacs,James Burrows,2018-04-13 21:47:20
http://www.kacl780.net/frasier/transcripts/season_2/episode_9/adventures_in_paradise_2.html,2,9,,9th June 2000,31st May 2001,22nd November 1994,Ken Levine& David Isaacs,James Burrows,2018-04-13 21:47:38
http://www.kacl780.net/frasier/transcripts/season_2/episode_10/burying_a_grudge.html,2,10,Burying A Grudge,31st July 2000,8th February 2003,29th November 1994,David Lloyd,Andy Ackerman,2018-04-13 21:47:54
http://www.kacl780.net/frasier/transcripts/season_2/episode_11/seat_of_power.html,2,11,Seat Of Power,September 2000,8th February 2003,13th December 1994,Steven Levitan,James Burrows,2018-04-13 21:48:15
http://www.kacl780.net/frasier/transcripts/season_2/episode_12/roz_in_the_doghouse.html,2,12,Roz In The Doghouse,31st March 1999,8th February 2003,3rd January 1995,Chuck Ranberg& Anne Flett-Giordano,James Burrows,2018-04-13 21:48:34
http://www.kacl780.net/frasier/transcripts/season_2/episode_13/retirement_is_murder.html,2,13,Retirement Is Murder,"June 9, 2000","February 8, 2003",10th January 1995,Elias David &David Pollock,Alan Myerson,2018-04-13 21:48:51
http://www.kacl780.net/frasier/transcripts/season_2/episode_14/fool_me_once_shame_on_you.html,2,14,"Fool Me Once, Shame On You",31st July 2000,8th February 2003,7th February 1995,Christopher Lloyd,Philip Charles MacKenzie,2018-04-13 21:49:02
http://www.kacl780.net/frasier/transcripts/season_2/episode_15/you_scratch_my_book.html,2,15,You Scratch My Book...,10th June 2000,,14th February 1995,Joe Keenan,Andy Ackerman,2018-04-13 21:49:13
http://www.kacl780.net/frasier/transcripts/season_2/episode_16/the_show_where_sam_shows_up.html,2,16,The Show Where Sam Shows Up,10th August 2000,8th February 2003,21st February 1995,Ken Levine &David Isaacs,James Burrows,2018-04-13 21:49:25
http://www.kacl780.net/frasier/transcripts/season_2/episode_17/daphnes_room.html,2,17,Daphne's Room,19th February 1999,8th February 2003,28th February 1995,"Linda Morris(a.k.a ""A Room With A View"")                 ,Vic Rauseo",David Lee,2018-04-13 21:49:46
http://www.kacl780.net/frasier/transcripts/season_2/episode_18/the_club.html,2,18,The Club,9th August 1999,8th February 2003,21st March 1995,Elias Davis &David Pollock,David Lee,2018-04-13 21:50:00
http://www.kacl780.net/frasier/transcripts/season_2/episode_19/someone_to_watch_over_me.html,2,19,Someone To Watch Over Me,15th June 2000,,XXX,Don Siegel,James Burrows,2018-04-13 21:50:19
http://www.kacl780.net/frasier/transcripts/season_2/episode_20/breaking_the_ice.html,2,20,Breaking The Ice,10th July 2000,8th February 2003,18th April 1995,Steven Levitan,Phillip Charles Mackenzie,2018-04-13 21:50:35
http://www.kacl780.net/frasier/transcripts/season_2/episode_21/an_affair_to_forget.html,2,21,An Affair To Forget,14th November 1999,20th November 2002,2nd May 1995,Chuck Ranberg &Anne Flett-Giordano,Philip Charles,2018-04-13 21:50:51
http://www.kacl780.net/frasier/transcripts/season_2/episode_22/agents_in_america_part_iii.html,2,22,"Agents In America, Part Three",1st June 2000,8th February 2003,2nd May 1995,Joe Keenan,David Lee,2018-04-13 21:51:02
http://www.kacl780.net/frasier/transcripts/season_2/episode_23/the_innkeepers.html,2,23,The Innkeepers,15th June 2000,8th February 2003,16th May 1995,David Lloyd,James Burrows,2018-04-13 21:51:17
http://www.kacl780.net/frasier/transcripts/season_2/episode_24/dark_victory.html,2,24,Dark Victory,12th July 2000,8th February 2003,23rd May 1995,Christopher Lloyd& Linda Morris& Vic Rauseo,James Burrows,2018-04-13 21:51:33
http://www.kacl780.net/frasier/transcripts/season_3/episode_1/shes_the_boss.html,3,1,She's The Boss,18th July 2000,22nd December 2002,19th September 1995,Chuck Ranberg &Anne Flett-Giordano,Philip Charles Mackenzie,2018-04-13 21:51:53
http://www.kacl780.net/frasier/transcripts/season_3/episode_2/shrink_rap.html,3,2,Shrink Rap,30th June 2000,22nd December 2002.,26th September 1995,Christopher Lloyd,David Lee,2018-04-13 21:52:08
http://www.kacl780.net/frasier/transcripts/season_3/episode_3/martin_does_it_his_way.html,3,3,Martin Does It His Way,17th December 1999,22nd December 2002,10th October 1995,David Lloyd,Phillip Charles,2018-04-13 21:52:22
http://www.kacl780.net/frasier/transcripts/season_3/episode_4/leapin_lizards.html,3,4,Leapin' Lizards,30th June 2000,22nd December 2002,31st October 1995,Chuck Ranberg& Anne Flett-Giordano,Phillip Charles,2018-04-13 21:52:35
http://www.kacl780.net/frasier/transcripts/season_3/episode_5/kisses_sweeter_than_wine.html,3,5,Kisses Sweeter Than Wine,6th August 1999,22nd December 2002,7th November 1995,Anne Flett-Giordano,Philip Charles Mackenzie,2018-04-13 21:52:55
http://www.kacl780.net/frasier/transcripts/season_3/episode_6/sleeping_with_the_enemy.html,3,6,Sleeping With The Enemy,6th April 1999,22nd December 2002,14th November 1995,Linda Morris &Vic Rauseo,Jeff Melman,2018-04-13 21:53:07
http://www.kacl780.net/frasier/transcripts/season_3/episode_7/the_adventures_of_bad_boy_and_dirty_girl.html,3,7,The Adventures of Bad Boy and Dirty Girl,18th April 1999,22nd December 2002,21st November 1995,Joe Keenan,Philip,2018-04-13 21:53:18
http://www.kacl780.net/frasier/transcripts/season_3/episode_8/the_last_time_i_saw_maris.html,3,8,The Last Time I Saw Maris,29th October 1999,22nd December 2002,28th November 1995,Ian Gurvitz,Phillip Charles,2018-04-13 21:53:34
http://www.kacl780.net/frasier/transcripts/season_3/episode_9/frasier_grinch.html,3,9,Frasier Grinch,October 1999.,22nd December 2002,19th December 1995,David Lloyd,Philip Charles,2018-04-13 21:53:51
http://www.kacl780.net/frasier/transcripts/season_3/episode_11/the_friend.html,3,11,The Friend,22nd June 2000,22nd December 2002,,Jack Burditt,Philip Charles MacKenzie,2018-04-13 21:54:28
http://www.kacl780.net/frasier/transcripts/season_3/episode_12/come_lie_with_me.html,3,12,Come Lie With Me,,,30th January 1996,Steven Levitan,Philip Charles MacKenzie,2018-04-13 21:54:41
http://www.kacl780.net/frasier/transcripts/season_3/episode_13/moon_dance.html,3,13,Moon Dance,14th February 1999,13th April 2001,06th February 1996,"Joe Keenan, Chris Lloyd,Rob Greenberg, Jack Burditt,Chuck Ranberg, Anne Flett-Giordano,Linda Morris, Vic Rauseo",Kelsey Grammar,2018-04-13 21:54:52
http://www.kacl780.net/frasier/transcripts/season_3/episode_14/the_show_where_diane_comes_back.html,3,14,The Show Where Diane Comes Back,10th December 1999,,,,,2018-04-13 21:55:03
http://www.kacl780.net/frasier/transcripts/season_3/episode_15/a_word_to_the_wiseguy.html,3,15,A Word To The Wiseguy,20th March 1999.,13th May 2001.,20th February 1996.,Joe Keenan,Philip,2018-04-13 21:55:17
http://www.kacl780.net/frasier/transcripts/season_3/episode_16/look_before_you_leap.html,3,16,Look Before You Leap,,,27th February 1996,Chuck Ranberg and Anne Flett-Giordano,James Burrows,2018-04-13 21:55:29
http://www.kacl780.net/frasier/transcripts/season_3/episode_17/high_crane_drifter.html,3,17,High Crane Drifter,23rd August 2000,22nd December 2002,12th March 1996,Jack Burditt,Philip Charles MacKenzie,2018-04-13 21:55:44
http://www.kacl780.net/frasier/transcripts/season_3/episode_18/chess_pains.html,3,18,Chess Pains,29th October 1999,22nd December 2002,26th March 1996,Rob Greenberg,Gordon Hunt,2018-04-13 21:56:01
http://www.kacl780.net/frasier/transcripts/season_3/episode_19/crane_vs_crane.html,3,19,Crane Vs. Crane,20th July 2000,22nd December 2002,9th April 1996,David Lloyd,Philip Charles,2018-04-13 21:56:14
http://www.kacl780.net/frasier/transcripts/season_3/episode_20/police_story.html,3,20,Police Story,,,23rd April 1996,Sy Rosen,Phillip Charles Mackenzie,2018-04-13 21:56:35
http://www.kacl780.net/frasier/transcripts/season_3/episode_21/where_theres_smoke_theres_fired.html,3,21,Where There's Smoke There's Fired,17th October 1999,11th August 2000,30th April 1996,Joe Keenan,Philip,2018-04-13 21:56:48
http://www.kacl780.net/frasier/transcripts/season_3/episode_22/frasier_loves_roz.html,3,22,Frasier Loves Roz,27th February 1999,14th April 2001,7th May 1996,Suzanne Martin,Philip Charles,2018-04-13 21:57:05
http://www.kacl780.net/frasier/transcripts/season_3/episode_23/the_focus_group.html,3,23,The Focus Group,18th July 2000,22nd December 2002,14th May 1996,Rob Greenberg,Philip Charles MacKenzie,2018-04-13 21:57:25
http://www.kacl780.net/frasier/transcripts/season_3/episode_24/you_can_go_home_again.html,3,24,You Can Go Home Again,20th November 1999,22nd December 2002,21st May 1996,Linda Morris& Vic Rauseo,David Lee,2018-04-13 21:57:39
http://www.kacl780.net/frasier/transcripts/season_4/episode_1/the_two_mrs_cranes.html,4,1,The Two Mrs. Cranes,14th February 1999.,12th September 2002.,17th September 1996,Joe Keenan,David Lee,2018-04-13 21:57:55
http://www.kacl780.net/frasier/transcripts/season_4/episode_2/love_bites_dog.html,4,2,Love Bites Dog,29th August 2000,12th September 2002.,24th September 1997,Suzanne Martin,Jeff Melman,2018-04-13 21:58:14
http://www.kacl780.net/frasier/transcripts/season_4/episode_3/the_impossible_dream.html,4,3,The Impossible Dream,20th September 2000.,12th September 2002.,15th October 1996,Rob Greenberg,David Lee,2018-04-13 21:58:25
http://www.kacl780.net/frasier/transcripts/season_4/episode_4/a_cranes_critique.html,4,4,A Crane's Critique,27th July 2000,12th September 2002,22nd October 1996,Dan Cohen &F.J Pratt,Jeff Melman,2018-04-13 21:58:44
http://www.kacl780.net/frasier/transcripts/season_4/episode_5/head_game.html,4,5,Head Game,29th June 2000,12th September 2002,12th November 1996,Rob Greenberg,David Lee,2018-04-13 21:58:59
http://www.kacl780.net/frasier/transcripts/season_4/episode_6/mixed_doubles.html,4,6,Mixed Doubles,17th December 1999,12th September 2002,19th November 1996,Christopher Lloyd,David Lee,2018-04-13 21:59:10
http://www.kacl780.net/frasier/transcripts/season_4/episode_7/a_lilith_thanksgiving.html,4,7,A Lilith Thanksgiving,20th June 2000,13th September 2002,26th November 1996,Anne Flett-Giordano,Jeff Melman,2018-04-13 21:59:26
http://www.kacl780.net/frasier/transcripts/season_4/episode_8/our_father_whose_art_aint_heaven.html,4,8,Our Father Whose Art Ain't Heaven,8th October 2000,13th September 2002,9th December 1996,Michael Kaplan,Jeff Melman,2018-04-13 21:59:46
http://www.kacl780.net/frasier/transcripts/season_4/episode_9/dad_loves_sherry_the_boys_just_whine.html,4,9,,16th July 2000,13th September 2002,7th January 1997,Joe Keenan,James Burrows,2018-04-13 22:00:07
http://www.kacl780.net/frasier/transcripts/season_4/episode_10/liar_liar.html,4,10,Liar! Liar!,14th September 2000,13th September 2002,14th January 1997,Anne Flett-Giordano &Chuck Ranberg,James Burrows,2018-04-13 22:00:28
http://www.kacl780.net/frasier/transcripts/season_4/episode_11/three_days_of_the_condo.html,4,11,Three Days Of The Condo,3rd July 2000,8th August 2001,21st January 1997,Michael Kaplan,David Lee,2018-04-13 22:00:44
http://www.kacl780.net/frasier/transcripts/season_4/episode_12/death_and_the_dog.html,4,12,Death And The Dog,29th October 1999,13th September 2002,11th February 1999,Suzanne Martin,James Burrows,2018-04-13 22:01:05
http://www.kacl780.net/frasier/transcripts/season_4/episode_13/four_for_the_seesaw.html,4,13,Four For The Seesaw,22nd July 2000,13th September 2002,18th February 2001,David Lloyd,Jeff Melman,2018-04-13 22:01:18
http://www.kacl780.net/frasier/transcripts/season_4/episode_14/to_kill_a_talking_bird.html,4,14,To Kill A Talking Bird,13th March 1999.,13th September 2002.,25th February 1997.,Jeffrey Richman,David Lee,2018-04-13 22:01:30
http://www.kacl780.net/frasier/transcripts/season_4/episode_15/rozs_krantz_amp_gouldenstein_are_dead.html,4,15,,9th July 2000.,13th September 2002.,11th March 1997.,William Lucas Walker,Jeff Melman,2018-04-13 22:01:51
http://www.kacl780.net/frasier/transcripts/season_4/episode_16/the_unnatural.html,4,16,The Unnatural,2nd September 2000,13th September 2002,1st April 1997,Michael Kaplan,Pamela Fryman,2018-04-13 22:02:12
http://www.kacl780.net/frasier/transcripts/season_4/episode_17/rozs_turn.html,4,17,Roz's Turn,26th May 1999.,13th September 2002.,15th April 1997.,Joe Keenan,Joyce Gittlin,2018-04-13 22:02:31
http://www.kacl780.net/frasier/transcripts/season_4/episode_18/ham_radio.html,4,18,Ham Radio,27th February 1999.,,22nd April 1997.,David Lloyd,David Lee,2018-04-13 22:02:44
http://www.kacl780.net/frasier/transcripts/season_4/episode_19/three_dates_and_a_break_up_1.html,4,19,,29th May 1999,13th September 2002,29th April 1997,Rob Greenberg,Jeff Melman,2018-04-13 22:02:54
http://www.kacl780.net/frasier/transcripts/season_4/episode_20/three_dates_and_a_break_up_2.html,4,20,,19th June 1999,13th September 2002,29th April 1997,Rob Greenberg,Jeff Melman,2018-04-13 22:03:07
http://www.kacl780.net/frasier/transcripts/season_4/episode_21/daphne_hates_sherry.html,4,21,Daphne Hates Sherry,14th February 1999.,5th August 2001.,6th May 1997.,Chuck Ranberg &Anne Flett-Giordano,Kelsey Grammer,2018-04-13 22:03:28
http://www.kacl780.net/frasier/transcripts/season_4/episode_22/are_you_being_served.html,4,22,Are You Being Served?,14th July 2000,13th September 2002,13th May 1997,William Lucas Walker,Gordon Hunt,2018-04-13 22:03:43
http://www.kacl780.net/frasier/transcripts/season_4/episode_23/ask_me_no_questions.html,4,23,Ask Me No Questions,7th July 2000,13th September 2002,21st May 1997,Dan Cohen& F.J. Pratt,Jeff Melman,2018-04-13 22:04:01
http://www.kacl780.net/frasier/transcripts/season_4/episode_24/odd_man_out.html,4,24,Odd Man Out,2nd September 2000.,13th September 2002.,21st May 1997,Suzanne Martin,Jeff Melman,2018-04-13 22:04:18
http://www.kacl780.net/frasier/transcripts/season_5/episode_1/frasiers_imaginary_friend.html,5,1,Frasier's Imaginary Friend,16th July 2000,2nd June 2001,23rd September 1997,Rob Greenberg,David Lee,2018-04-13 22:04:35
http://www.kacl780.net/frasier/transcripts/season_5/episode_2/the_gift_horse.html,5,2,The Gift Horse,28th July 2000,12th August 2000,30th September 1997,Ron Darian,Pamela Fryman,2018-04-13 22:04:56
http://www.kacl780.net/frasier/transcripts/season_5/episode_3/halloween.html,5,3,Halloween,1st June 2000,2nd June 2001,28th October 1997,Suzanne Martin,Pamela Fryman,2018-04-13 22:05:16
http://www.kacl780.net/frasier/transcripts/season_5/episode_4/the_kid.html,5,4,,1st July 2000,2nd July 2001,4th November 1997,Jeffrey Richman &Suzanne Martin,Jeff Melman,2018-04-13 22:05:31
http://www.kacl780.net/frasier/transcripts/season_5/episode_5/the_1000th_show.html,5,5,The 1000th Show,5th July 2000,3rd June 2001,11th November 1997,Christopher Lloyd &Joe Keenan,David Lee,2018-04-13 22:05:42
http://www.kacl780.net/frasier/transcripts/season_5/episode_6/voyage_of_the_damned.html,5,6,Voyage Of The Damned,1st June 2000,3rd June 2001,18th November 1997,Jeffrey Richman,Pamela Fryman,2018-04-13 22:06:02
http://www.kacl780.net/frasier/transcripts/season_5/episode_7/my_fair_frasier.html,5,7,,17th July 2000,3rd June 2001,25th November 1997,Jay Kogen,Jeff Melman,2018-04-13 22:06:13
http://www.kacl780.net/frasier/transcripts/season_5/episode_8/desperately_seeking_closure.html,5,8,,17th July 2000,3rd June 2001,9th December 1997,Rob Hanning,Pamela Fryman,2018-04-13 22:06:25
http://www.kacl780.net/frasier/transcripts/season_5/episode_9/perspectives_on_christmas.html,5,9,Perspectives On Christmas,2nd January 1999.,15th April 2001.,16th December 1997,Christopher Lloyd,David Lee,2018-04-13 22:06:36
http://www.kacl780.net/frasier/transcripts/season_5/episode_10/where_every_bloke_knows_your_name.html,5,10,,29th March 1999.,,6th January 1998.,Rob Hanning,Jeff Melman,2018-04-13 22:06:54
http://www.kacl780.net/frasier/transcripts/season_5/episode_11/aint_nobodys_business_if_i_do.html,5,11,"Ain't Nobody's Business If ""I Do""",9th July 2000,4th June 2001,13th January 1998,Jay Kogen,David Lee,2018-04-13 22:07:09
http://www.kacl780.net/frasier/transcripts/season_5/episode_12/the_zoo_story.html,5,12,The Zoo Story,28th July 2000,4th June 2001,20th January 1998,Joe Keenan,Pamela Fryman,2018-04-13 22:07:21
http://www.kacl780.net/frasier/transcripts/season_5/episode_13/the_maris_counselor.html,5,13,The Maris Counselor,21st March 1999.,4th June 2001,3rd February 1998.,David Lloyd,Jeff Melman,2018-04-13 22:07:37
http://www.kacl780.net/frasier/transcripts/season_5/episode_14/the_ski_lodge.html,5,14,The Ski Lodge,January 21st 2000,4th June 2001,24th February 1998,Joe Keenan,David Lee,2018-04-13 22:07:56
http://www.kacl780.net/frasier/transcripts/season_5/episode_15/room_service.html,5,15,Room Service,27th March 1999.,4th June 2001.,3rd March 1998.,Ken Levine& David Isaacs,David Lee,2018-04-13 22:08:11
http://www.kacl780.net/frasier/transcripts/season_5/episode_16/beware_of_greeks.html,5,16,Beware Of Greeks,14th July 2000,4th June 2001,17th March 1998,David Lloyd,Jeff Melman,2018-04-13 22:08:32
http://www.kacl780.net/frasier/transcripts/season_5/episode_17/the_perfect_guy.html,5,17,The Perfect Guy,22nd July 2000,5th June 2001,24th March 1998,Rob Greenberg,Jeff Melman,2018-04-13 22:08:50
http://www.kacl780.net/frasier/transcripts/season_5/episode_18/bad_dog.html,5,18,Bad Dog,1st August 2000,5th June 2001,7th April 1998,Suzanne Martin,Pamela Fryman,2018-04-13 22:09:05
http://www.kacl780.net/frasier/transcripts/season_5/episode_19/frasier_gotta_have_it.html,5,19,Frasier Gotta Have It,10th July 2000,5th June 2001,21st April 1998,Rob Greenberg,Dan Butler,2018-04-13 22:09:21
http://www.kacl780.net/frasier/transcripts/season_5/episode_20/first_date.html,5,20,First Date,May 30th 2000,5th June 2001,28th April 2000,Rob Hanning,Kelsey Grammer,2018-04-13 22:09:39
http://www.kacl780.net/frasier/transcripts/season_5/episode_21/roz_and_the_schnoz.html,5,21,Roz And The Schnoz,11th September 1999,5th June 2001,5th May 1998,Jeffrey Richman,Ken Levine,2018-04-13 22:09:50
http://www.kacl780.net/frasier/transcripts/season_5/episode_22/the_life_of_the_party.html,5,22,The Life Of The Party,17th June 2000,5th June 2001,12th May 1998,Suzanne Martin,Jeffrey Richman,2018-04-13 22:10:05
http://www.kacl780.net/frasier/transcripts/season_5/episode_23/party_party.html,5,23,"Party, Party",13th June 2000,5th June 2001,19th May 1998,David Llyod,Jeff Melman,2018-04-13 22:10:16
http://www.kacl780.net/frasier/transcripts/season_5/episode_24/sweet_dreams.html,5,24,Sweet Dreams,19th September 1999,3rd April 2004,19th May 1998,Jay Kogen,Sheldon Epps,2018-04-13 22:10:35
http://www.kacl780.net/frasier/transcripts/season_6/episode_1/good_grief.html,6,1,Good Grief,1999,8th November 2002,24th September 1998,Christopher Lloyd,Pamela Fryman,2018-04-13 22:10:53
http://www.kacl780.net/frasier/transcripts/season_6/episode_2/frasiers_curse.html,6,2,Frasier's Curse,14th November 1999,8th November 2002,1st October 1998,Jay Kogen,Pamela Fryman,2018-04-13 22:11:13
http://www.kacl780.net/frasier/transcripts/season_6/episode_3/dial_m_for_martin.html,6,3,Dial M For Martin,26th July 2000,8th November 2002,8th October 1998,Rob Greenberg,Ken Lamkin,2018-04-13 22:11:28
http://www.kacl780.net/frasier/transcripts/season_6/episode_4/hot_ticket.html,6,4,Hot Ticket,28th June 2000,8th November 2002,15th October 1998,Jeffrey Richman,David Lee,2018-04-13 22:11:46
http://www.kacl780.net/frasier/transcripts/season_6/episode_5/first_do_no_harm.html,6,5,First Do No Harm,30th June 2000,8th November 2002,29th October 1998,Jordan Hawley &William Schifrin,Sheldon Epps,2018-04-13 22:12:00
http://www.kacl780.net/frasier/transcripts/season_6/episode_6/secret_admirer.html,5,5,Secret Admirer,4th July 2000,8th November 2002,5th November 1998,Lori Kirkland,Pamela Fryman,2018-04-13 22:12:20
http://www.kacl780.net/frasier/transcripts/season_6/episode_7/how_to_bury_a_millionaire.html,6,7,How To Bury A Millionaire,3rd April 1999,8th November 2002,12th November 1998,Lori Kirkland,Pamela Fryman,2018-04-13 22:12:34
http://www.kacl780.net/frasier/transcripts/season_6/episode_8/the_seal_who_came_to_dinner.html,6,8,The Seal Who Came To Dinner,28th July 2000,8th November 2001,19th November 1998,Joe Keenan,David Lee,2018-04-13 22:12:48
http://www.kacl780.net/frasier/transcripts/season_6/episode_9/roz_a_loan.html,6,9,"Roz, A Loan",10th July 2000,8th November 2002,10th December 1998,Janis Hirsch,Pamela Fryman,2018-04-13 22:13:08
http://www.kacl780.net/frasier/transcripts/season_6/episode_10/merry_christmas_mrs_moskowitz.html,6,10,"Merry Christmas, Mrs. Moskowitz",,8th November 2002,17th December 1998.,Jay Kogen,Kelsey Grammer,2018-04-13 22:13:28
http://www.kacl780.net/frasier/transcripts/season_6/episode_11/good_samaritan.html,6,11,Good Samaritan,9th July 2000,8th November 2002,7th January 1999,Alex Gregory &Peter Huyck,Sheldon Epps,2018-04-13 22:13:48
http://www.kacl780.net/frasier/transcripts/season_3/episode_14/the_show_where_diane_comes_back.html,3,14,The Show Where Diane Comes Back,10th December 1999,,,,,2018-04-13 22:27:49
http://www.kacl780.net/frasier/transcripts/season_6/episode_12/our_parents_ourselves.html,6,12,"Our Parents, Ourselves",11th July 2000,8th November 2002,21st January 1999,Janis Hirsch,Pamela Fryman,2018-04-13 22:28:02
http://www.kacl780.net/frasier/transcripts/season_6/episode_13/the_show_where_woody_shows_up.html,6,13,The Show Where Woody Shows Up,20th August 2000,8th November 2002,4th February 1999,Rob Greenberg,Pamela Fryman,2018-04-13 22:28:14
http://www.kacl780.net/frasier/transcripts/season_6/episode_14/three_valentines.html,6,14,Three Valentines,15th July 2000,8th November 2002,11th February 1999,Rob Hanning,Kelsey Grammer,2018-04-13 22:28:31
http://www.kacl780.net/frasier/transcripts/season_6/episode_15/to_tell_the_truth.html,6,15,To Tell The Truth,24th April 1999.,11th August 2000.,18th February 1999.,Rob Hanning,David Lee,2018-04-13 22:28:52
http://www.kacl780.net/frasier/transcripts/season_6/episode_16/decoys.html,6,16,Decoys,25th April 1999,8th November 2002,25th February 1999,David Lloyd,Pamela Fryman,2018-04-13 22:29:03
http://www.kacl780.net/frasier/transcripts/season_6/episode_17/dinner_party.html,6,17,Dinner Party,6th May 1999,8th November 2002,11th March 1999,Jeffrey Richman,David Lee,2018-04-13 22:29:22
http://www.kacl780.net/frasier/transcripts/season_6/episode_18/taps_at_the_montana.html,6,18,Taps At The Montana,8th January 2000,8th November 2002,25th March 1999,David Lloyd,David Lee,2018-04-13 22:29:34
http://www.kacl780.net/frasier/transcripts/season_6/episode_19/iq.html,6,19,IQ,,8th November 2002,8th April 1999,Rob Hanning& Jay Kogen,David Lee,2018-04-13 22:29:55
http://www.kacl780.net/frasier/transcripts/season_6/episode_20/dr_nora.html,6,20,Dr. Nora,13th July 2000,8th November 2002,29th April 1999,Joe Keenan,Katy Garretson,2018-04-13 22:30:16
http://www.kacl780.net/frasier/transcripts/season_6/episode_21/when_a_man_loves_two_women.html,6,21,When A Man Loves Two Women,24th June.,8th November 2002,6th May 1999,Alex Gregory& Peter Huyck,David Lee,2018-04-13 22:30:28
http://www.kacl780.net/frasier/transcripts/season_6/episode_22/visions_of_daphne.html,6,22,Visions Of Daphne,19th June 1999,16th July 2001,13th May 1999,Janis Hirsh &Lori Kirkland,Robert H. Egan,2018-04-13 22:30:49
http://www.kacl780.net/frasier/transcripts/season_6/episode_23/shut_out_in_seattle_1.html,6,23,,21st May 1999,21st July 2001,20th May 1999,David Isaacs,Pamela Fryman,2018-04-13 22:31:03
http://www.kacl780.net/frasier/transcripts/season_6/episode_24/shut_out_in_seattle_2.html,6,24,,21st May 1999.,21st July 2001.,20th May 1999.,David Isaacs,Pamela Fryman,2018-04-13 22:31:15
http://www.kacl780.net/frasier/transcripts/season_7/episode_1/momma_mia.html,7,1,Momma Mia,10th January 2000,,23rd September 1998,Rob Hanning,Kelsey Grammer,2018-04-13 22:31:27
http://www.kacl780.net/frasier/transcripts/season_7/episode_2/father_of_the_bride.html,7,2,Father Of The Bride,29th January 2000,,30th September 1999,Mark Reisman,David Lee,2018-04-13 22:31:42
http://www.kacl780.net/frasier/transcripts/season_7/episode_3/radio_wars.html,7,3,Radio Wars,30th January 2000,22nd April 2001.,7th October 1999,Sam Johnson& Chris Marcil,Sheldon Epps,2018-04-13 22:31:53
http://www.kacl780.net/frasier/transcripts/season_7/episode_4/everyones_a_critic.html,7,4,Everyone's A Critic,5th February 2000,23rd April 2001.,14th October 1999,Joe Keenan,Pamela Fryman,2018-04-13 22:32:07
http://www.kacl780.net/frasier/transcripts/season_7/episode_5/the_dog_that_rocks_the_cradle.html,7,5,The Dog That Rocks The Cradle,,23rd April 2001.,21st October 1999,Bob Daily,Pamela Fryman,2018-04-13 22:32:21
http://www.kacl780.net/frasier/transcripts/season_7/episode_6/rivals.html,7,6,Rivals,12th February 2000,23rd April 2001.,4th November 1999,Christopher Lloyd,Katy Garretson,2018-04-13 22:32:32
http://www.kacl780.net/frasier/transcripts/season_7/episode_7/a_tsar_is_born.html,7,7,A Tsar Is Born,20th February 2000,22nd April 2001.,11th November 1999,Charlie Hauck,Pamela Fryman,2018-04-13 22:32:49
http://www.kacl780.net/frasier/transcripts/season_7/episode_8/the_late_dr_crane.html,7,8,The Late Dr. Crane,12th March 2000,23rd April 2001.,18th November 1999,Rob Hanning,Robert H. Egan,2018-04-13 22:33:03
http://www.kacl780.net/frasier/transcripts/season_7/episode_9/the_apparent_trap.html,7,9,The Apparent Trap,24th March 2000,23rd April 2001,25th November 1999,Dan O'Shannon,Kelsey Grammer,2018-04-13 22:33:15
http://www.kacl780.net/frasier/transcripts/season_7/episode_10/back_talk_1.html,7,10,,20th April 2000,24th April 2001,9th December 1999,Lori Kirkland,Pamela Fryman,2018-04-13 22:33:29
http://www.kacl780.net/frasier/transcripts/season_7/episode_11/the_fight_before_christmas_2.html,7,11,,13th May 2000,24th April 2001.,16th December 1999,Jon Sherman,Pamela Fryman,2018-04-13 22:33:46
http://www.kacl780.net/frasier/transcripts/season_7/episode_12/rdwrer.html,7,12,RDWRER,29th May 2000,24th April 2001.,6th January 2000,Sam Johnson &Chris Marcil,Kelsey Grammer,2018-04-13 22:34:03
http://www.kacl780.net/frasier/transcripts/season_7/episode_13/theyre_playing_our_song.html,7,13,They're Playing Our Song,"June 9, 2004",,"Jan. 13, 2000",David Lloyd,David Lee,2018-04-13 22:34:18
http://www.kacl780.net/frasier/transcripts/season_7/episode_14/big_crane_on_campus.html,7,14,Big Crane On Campus,1st June 2000,1st June 2001,3rd February 2000,Mark Reisman,Sheldon Epps,2018-04-13 22:34:32
http://www.kacl780.net/frasier/transcripts/season_7/episode_15/out_with_dad.html,7,15,Out With Dad,11th June 2000,20th April 2001,10th February 2000,Joe Keenan,David Lee,2018-04-13 22:34:53
http://www.kacl780.net/frasier/transcripts/season_7/episode_16/something_about_dr_mary.html,7,16,Something About Dr. Mary,13th June 2000,1st June 2001,17th February 2000,Jay Kogen,Will Shriner,2018-04-13 22:35:06
http://www.kacl780.net/frasier/transcripts/season_7/episode_17/whine_club.html,7,17,Whine Club,16th June 2000,1st June 2001,24th February 2000,Bob Daily &Jon Sherman,Kelsey Grammer,2018-04-13 22:35:24
http://www.kacl780.net/frasier/transcripts/season_7/episode_18/hot_pursuit.html,7,18,Hot Pursuit,3rd June 2000,19th May 2001.,23rd April 2000,Charlie Hauck,Sheldon Epps,2018-04-13 22:35:42
http://www.kacl780.net/frasier/transcripts/season_7/episode_19/morning_becomes_entertainment.html,7,19,Morning Becomes Entertainment,19th June 2000,19th May 2001,6th April 2000,Rob Hanning& Jay Kogen,Pamela Fryman,2018-04-13 22:35:56
http://www.kacl780.net/frasier/transcripts/season_7/episode_20/to_thine_old_self_be_true.html,7,20,To Thine Old Self Be True,21st June 2000,1st June 2001,27th April 2000,Dan O'Shannon,Robert Egan,2018-04-13 22:36:07
http://www.kacl780.net/frasier/transcripts/season_7/episode_21/the_three_faces_of_frasier.html,7,21,The Three Faces Of Frasier,25th June 2000,1st June 2001,4th May 2000,Jon Sherman,Pamela Fryman,2018-04-13 22:36:21
http://www.kacl780.net/frasier/transcripts/season_7/episode_22/dark_side_of_the_moon.html,7,22,Dark Side Of The Moon,28th June 2000,2nd June 2001,11th May 2000,Lori Kirkland,David Lee,2018-04-13 22:36:41
http://www.kacl780.net/frasier/transcripts/season_7/episode_23/something_borrowed_someone_blue_1.html,7,23,,May 25th 2000.,2nd June 2001.,May 18th 2000.,Christopher Lloyd& Joe Keenan,Pamela Fryman,2018-04-13 22:36:59
http://www.kacl780.net/frasier/transcripts/season_7/episode_24/something_borrowed_someone_blue_2.html,7,24,,May 25th 2000.,2nd June 2001,May 18th 2000.,Christopher Lloyd& Joe Keenan,Pamela Fryman,2018-04-13 22:37:16
http://www.kacl780.net/frasier/transcripts/season_8/episode_1/and_the_dish_ran_away_with_the_spoon_1.html,8,1,,28th October 2000,,"24th October, 2000",David Angell andPeter Casey,Pamela Fryman,2018-04-13 22:37:34
http://www.kacl780.net/frasier/transcripts/season_8/episode_2/and_the_dish_ran_away_with_the_spoon_2.html,8,2,,28th October 2000,,"24th October, 2000",David Angell andPeter Casey,Pamela Fryman,2018-04-13 22:37:47
http://www.kacl780.net/frasier/transcripts/season_8/episode_3/the_bad_son.html,8,3,The Bad Son,2nd November 2000,,31st October 2000,Rob Hanning,Sheldon Epps,2018-04-13 22:37:59
http://www.kacl780.net/frasier/transcripts/season_8/episode_4/the_great_crane_robbery.html,8,4,The Great Crane Robbery,15th November 2000.,,14th November 2000.,Gayle Abrams,Katy Garretson,2018-04-13 22:38:13
http://www.kacl780.net/frasier/transcripts/season_8/episode_5/taking_liberties.html,8,5,Taking Liberties,21st November 2000,,21st November 2000,Sam Johnson& Chris Marcil,Kelsey Grammer,2018-04-13 22:38:32
http://www.kacl780.net/frasier/transcripts/season_8/episode_6/legal_tender_love_and_care.html,8,6,Legal Tender Love and Care,4th November 2000,,"28th November, 2000",Saladin K.Patterson,Pamela Fryman,2018-04-13 22:38:51
http://www.kacl780.net/frasier/transcripts/season_8/episode_7/the_new_friend.html,8,7,The New Friend,6th December 2000,,5th December 2000,Bob Daily,Scott Ellis,2018-04-13 22:39:08
http://www.kacl780.net/frasier/transcripts/season_8/episode_8/mary_christmas.html,8,8,Mary Christmas,16th December 2000,,12th December 2000,Eric Zicklin,Pamela Fryman,2018-04-13 22:39:21
http://www.kacl780.net/frasier/transcripts/season_8/episode_9/frasiers_edge.html,8,9,Frasier's Edge,"15th January, 2001",,"9th January, 2001",Jon Shermanand Dan O'Shannon,David Lee,2018-04-13 22:39:42
http://www.kacl780.net/frasier/transcripts/season_8/episode_10/cranes_unplugged.html,8,10,Cranes Unplugged,19th January 2001,,16th January 2001,Lori Kirkland,Sheldon Epps,2018-04-13 22:39:59
http://www.kacl780.net/frasier/transcripts/season_8/episode_11/motor_skills.html,8,11,Motor Skills,3rd February 2001,,30th January 2001,Sam Johnson& Chris Marcil,Pamela Fryman,2018-04-13 22:40:17
http://www.kacl780.net/frasier/transcripts/season_8/episode_12/the_show_must_go_off.html,8,12,The Show Must Go Off,7th February 2001,,6th February 2001,Mark Reisman,Robert H. Egan,2018-04-13 22:40:28
http://www.kacl780.net/frasier/transcripts/season_8/episode_13/sliding_frasiers.html,8,13,Sliding Frasiers,"February 18, 2001",,"February 13, 2001",Dan O'Shannon& Bob Daily,Pamela Fryman,2018-04-13 22:40:49
http://www.kacl780.net/frasier/transcripts/season_8/episode_14/hungry_heart.html,8,14,Hungry Heart,"February 25, 2001",,"February 20, 2001",Gayle Abrams,Kelsey Grammer,2018-04-13 22:41:00
http://www.kacl780.net/frasier/transcripts/season_8/episode_15/hooping_cranes.html,8,15,Hooping Cranes,2nd March 2001,,27th February 2001,Jon Sherman,Kelsey Grammar,2018-04-13 22:41:18
http://www.kacl780.net/frasier/transcripts/season_8/episode_16/docu_drama.html,8,16,DocuDrama,28th March 2001,,6th March 2001,Sam Johnson& Chris Marcil,David Lee,2018-04-13 22:41:38
http://www.kacl780.net/frasier/transcripts/season_8/episode_17/it_takes_two_to_tangle.html,8,17,It Takes Two to Tangle,10th April 2001,,27th March 2001,Rob Hanning,Wil Shriner,2018-04-13 22:41:54
http://www.kacl780.net/frasier/transcripts/season_8/episode_18/forgotten_but_not_gone.html,8,18,Forgotten But Not Gone,18th April 2001,17th April 2004,17th April 2001,David Lloyd,Pamela Fryman,2018-04-13 22:42:05
http://www.kacl780.net/frasier/transcripts/season_8/episode_19/daphne_returns.html,8,19,Daphne Returns,"8th May, 2001",,"1st May, 2001",Dan O'Shannon &Bob Daily,Lory Fryman,2018-04-13 22:42:21
http://www.kacl780.net/frasier/transcripts/season_8/episode_20/the_wizard_and_roz.html,8,20,The Wizard and Roz,15th May 2001,,8th May 2001,Saladin K. Patterson,Sheldon Epps,2018-04-13 22:42:36
http://www.kacl780.net/frasier/transcripts/season_8/episode_21/semi_decent_proposal_1.html,8,21,Semi-Decent Proposal,16th May 2001,,15th May 2001,Lori Kirkland,Katy Garretson,2018-04-13 22:42:50
http://www.kacl780.net/frasier/transcripts/season_8/episode_22/a_passing_fancy_2.html,8,22,A Passing Fancy,"May 22, 2001",,"15th May, 2001",Jon Sherman,Kelsey Grammer,2018-04-13 22:43:00
http://www.kacl780.net/frasier/transcripts/season_8/episode_23/a_day_in_may.html,8,23,A Day In May,22nd May 2001.,,22nd May 2001.,Eric Zicklin& Lori Kirkland,Kelsey Grammer,2018-04-13 22:43:16
http://www.kacl780.net/frasier/transcripts/season_8/episode_24/cranes_go_caribbean.html,8,24,Cranes Go Carribean,"May 28, 2001",,"22th May, 2001",Mark Reismanand Rob Hanning,Kelsey Grammer,2018-04-13 22:43:32
http://www.kacl780.net/frasier/transcripts/season_9/episode_1/don_juan_in_hell_1.html,9,1,Don Juan In Hell,26th September 2001,24th April 2004,25th September 2001,Sam Johnson& Chris Marcil,Kelsey Grammer,2018-04-13 22:43:49
http://www.kacl780.net/frasier/transcripts/season_9/episode_2/don_juan_in_hell_2.html,9,2,,"September 29th, 2001","April 24th, 2004","September 25th, 2001",Lori Kirkland,Kelsey Grammer,2018-04-13 22:44:02
http://www.kacl780.net/frasier/transcripts/season_9/episode_3/the_first_temptation_of_daphne.html,9,3,The First Temptation of Daphne,7th October 2001,24th April 2004,2nd October 2001,Gayle Abrams,Kelsey Grammer,2018-04-13 22:44:17
http://www.kacl780.net/frasier/transcripts/season_9/episode_4/the_return_of_martin_crane.html,9,4,The Return of Martin Crane,10th October 2001,24th April 2004,9th October 2001,Dan O'Shannon& Bob Daily,David Lee,2018-04-13 22:44:29
http://www.kacl780.net/frasier/transcripts/season_9/episode_5/love_stinks.html,9,5,Love Stinks,22nd October 2001,24th April 2004,16th October 2001,Saladin K. Patterson,Katy Garretson,2018-04-13 22:44:48
http://www.kacl780.net/frasier/transcripts/season_9/episode_6/room_full_of_heroes.html,9,6,Room Full of Heroes,"November 4th, 2001",,"October 30th, 2001",Eric Zicklin,Wil Shriner,2018-04-13 22:45:06
http://www.kacl780.net/frasier/transcripts/season_9/episode_7/bla_z_boy.html,9,7,Bla-Z-Boy,7th November 2001,24th April 2004,6th November 2001,Jon Sherman,Robert H. Egan,2018-04-13 22:45:22
http://www.kacl780.net/frasier/transcripts/season_9/episode_8/the_two_hundredth.html,9,8,The Two Hundredth,18th October 2001,21st April 2004,13th November 2001,Rob Hanning,David Lee,2018-04-13 22:45:37
http://www.kacl780.net/frasier/transcripts/season_9/episode_9/sharing_kirby.html,9,9,Sharing Kirby,"November 24th, 2001","April 24, 2004","November 20th, 2001",Heide Perlman,Kelsey Grammer,2018-04-13 22:45:53
http://www.kacl780.net/frasier/transcripts/season_9/episode_10/junior_agent.html,9,10,Junior Agent,30th November 2001,24th April 2004,27th November 2001,Bob Daily,Scott Ellis,2018-04-13 22:46:13
http://www.kacl780.net/frasier/transcripts/season_9/episode_11/bully_for_martin.html,9,11,Bully for Martin,"January 6th, 2002","April 24th, 2004","December 11th, 2001",Eric Zicklin,Stuart Ross,2018-04-13 22:46:29
http://www.kacl780.net/frasier/transcripts/season_9/episode_12/mother_load_1.html,9,12,,16 January 2002,24th April 2004,8th January 2002,Lori Kirkland,Sheldon Epps,2018-04-13 22:46:48
http://www.kacl780.net/frasier/transcripts/season_9/episode_13/mother_load_2.html,9,13,,16th January 2001,24th April 2004,15th January 2001,Lori Kirkland,Sheldon Epps,2018-04-13 22:47:08
http://www.kacl780.net/frasier/transcripts/season_9/episode_14/juvenilia.html,9,14,Juvenilia,"February 11, 2002","April 29, 2002","January 22, 2002","Sam Johnson,Chris Marcil",Katy Garretson,2018-04-13 22:47:21
http://www.kacl780.net/frasier/transcripts/season_9/episode_15/the_proposal.html,9,15,The Proposal,18 February 2002,29 April 2004,4th February 2002,Rob Hanning,Wil Shriner,2018-04-13 22:47:36
http://www.kacl780.net/frasier/transcripts/season_9/episode_16/wheels_of_fortune.html,9,16,Wheels of Fortune,3rd April 2002.,,26th February 2002.,Ken Levine& David Isaacs,Scott Ellis,2018-04-13 22:47:48
http://www.kacl780.net/frasier/transcripts/season_9/episode_17/three_blind_dates.html,9,17,Three Blind Dates,"March 23, 2002",,"March 5, 2002",Gayle Abrams,Kelsey Grammer,2018-04-13 22:48:08
http://www.kacl780.net/frasier/transcripts/season_9/episode_18/war_of_the_words.html,9,18,War of the Words,31 March 2002,,12th March 2002,Saladin K. Patterson,Sheldon Epps,2018-04-13 22:48:27
http://www.kacl780.net/frasier/transcripts/season_9/episode_19/deathtrap.html,9,19,Deathtrap,5th April 2002,26th April 2004,2nd April 2002,Jon Sherman,Kelsey Grammer,2018-04-13 22:48:48
http://www.kacl780.net/frasier/transcripts/season_9/episode_20/the_love_you_fake.html,9,20,The Love You Fake,"May 13, 2002",,"April 9, 2002","Sam Johnson,Chris Marcil",Katy Garretson,2018-04-13 22:48:59
http://www.kacl780.net/frasier/transcripts/season_9/episode_21/cheerful_goodbyes.html,9,21,Cheerful Goodbyes,8th May 2002,,30th April 2002,Heide Perlman,Sheldon Epps,2018-04-13 22:49:12
http://www.kacl780.net/frasier/transcripts/season_9/episode_22/frasier_has_spokane.html,9,22,Frasier Has Spokane,24th June 2002,26th April 2004,7th May 2003,Eric Zicklin,Wil Shriner,2018-04-13 22:49:24
http://www.kacl780.net/frasier/transcripts/season_9/episode_23/the_guilt_trippers.html,9,23,The Guilt Trippers,"July 16, 2002","April 27th, 2004","May 14, 2002",Lori Kirkland,Wil Shriner,2018-04-13 22:49:43
http://www.kacl780.net/frasier/transcripts/season_9/episode_24/moons_over_seattle.html,9,24,Moons Over Seattle,9th June 2002,27th April 2004,21st May 2002,Brian Daily,Sheldon Epps,2018-04-13 22:49:58
http://www.kacl780.net/frasier/transcripts/season_10/episode_1/the_ring_cycle.html,10,1,The Ring Cycle,29th September 2002,,24th September 2002,Jon Sherman,Kelsey Grammer,2018-04-13 22:50:19
http://www.kacl780.net/frasier/transcripts/season_10/episode_2/enemy_at_the_gate.html,10,2,Enemy At The Gate,4th November 2002.,,1st October 2002.,Lori Kirkland,Kelsey Grammer,2018-04-13 22:50:30
http://www.kacl780.net/frasier/transcripts/season_10/episode_3/proxy_prexy.html,10,3,Proxy Prexy,"Nov. 8, 2002",,"Oct. 8, 2002",Chris Marcil,Cynthia L. Popp,2018-04-13 22:50:41
http://www.kacl780.net/frasier/transcripts/season_10/episode_4/kissing_cousin.html,10,4,Kissing Cousin,4th November 2002.,,15th October 2002.,Eric Zicklin,Scott Ellis,2018-04-13 22:50:51
http://www.kacl780.net/frasier/transcripts/season_10/episode_5/tales_from_the_crypt.html,10,5,Tales From The Crypt,10th November 2002,,29th October 2002,Saladin K. Patterson,David Lee,2018-04-13 22:51:10
http://www.kacl780.net/frasier/transcripts/season_10/episode_6/star_mitzvah.html,10,6,Star Mitzvah,"November 29, 2002",,"November 5, 2002",Sam Johnson,Sheldon Epps,2018-04-13 22:51:31
http://www.kacl780.net/frasier/transcripts/season_10/episode_7/bristle_while_you_work_1.html,10,7,Bristle While You Work,"December 1, 2002",,"November 12, 2002",Tom Reeder,Sheldon Epps,2018-04-13 22:51:51
http://www.kacl780.net/frasier/transcripts/season_10/episode_8/rooms_with_a_view_2.html,10,8,Rooms With a View,"December 24, 2002",,"November 19, 2002","Dan O'Shannon,Lori Kirkland& Bob Daily",Kelsey Grammer,2018-04-13 22:52:10
http://www.kacl780.net/frasier/transcripts/season_10/episode_9/dont_go_breaking_my_heart_3.html,10,9,,"November 30, 2002",,"November 26, 2002",Bob Daily,Jerry Zaks,2018-04-13 22:52:24
http://www.kacl780.net/frasier/transcripts/season_10/episode_10/we_two_kings.html,10,10,We Two Kings,27th January 2002,,10th December 2002,Patricia Breen,Jerry Zaks,2018-04-13 22:52:45
http://www.kacl780.net/frasier/transcripts/season_10/episode_11/door_jam.html,10,11,Door Jam,"January 26, 2002",,"January 7, 2003",Heide Perlman,Scott Ellis,2018-04-13 22:53:06
http://www.kacl780.net/frasier/transcripts/season_10/episode_12/the_harassed.html,10,12,The Harassed,"February 17, 2003",,"January 14, 2003",Chris Marcil,Kelsey Grammer,2018-04-13 22:53:23
http://www.kacl780.net/frasier/transcripts/season_10/episode_13/lilith_needs_a_favor.html,10,13,Lilith Needs A Favor,"February 24th, 2003",,"February 4th, 2003",Lori Kirkland,Sheldon Epps,2018-04-13 22:53:33
http://www.kacl780.net/frasier/transcripts/season_10/episode_14/daphne_does_dinner.html,10,14,Daphne Does Dinner,"April 9th, 2003",,"February 11th, 2003",Heidi Perlman,Katy Garretson,2018-04-13 22:53:52
http://www.kacl780.net/frasier/transcripts/season_10/episode_15/trophy_girlfriend.html,10,15,Trophy Girlfriend,"March 28, 2003",,"February 18, 2003",Saladin K. Patterson,Kelsey Grammer,2018-04-13 22:54:12
http://www.kacl780.net/frasier/transcripts/season_10/episode_16/fraternal_schwinns.html,10,16,Fraternal Schwinns,"March 13th, 2003",,"February 25th, 2003",Sam Johnson,Sheldon Epps,2018-04-13 22:54:31
http://www.kacl780.net/frasier/transcripts/season_10/episode_17/kenny_on_the_couch.html,10,17,Kenny On the Couch,"June 2, 2003",,"March 4, 2003",Bob Daily,David Lee,2018-04-13 22:54:48
http://www.kacl780.net/frasier/transcripts/season_10/episode_18/roe_to_perdition.html,10,18,Roe to Perdition,"May 7, 2003",,"March 18, 2003",Jon Sherman,Jerry Zaks,2018-04-13 22:55:06
http://www.kacl780.net/frasier/transcripts/season_10/episode_19/some_assembly_required.html,10,19,Some Assembly Required,"May 16, 2003",,"April 1, 2003",Patricia Breen,Wil Shriner,2018-04-13 22:55:27
http://www.kacl780.net/frasier/transcripts/season_10/episode_20/farewell_nervosa.html,10,20,"Farewell, Nervosa","April 27th, 2003",,"April 22nd, 2003",Eric Zicklin,Kelsey Grammer,2018-04-13 22:55:44
http://www.kacl780.net/frasier/transcripts/season_10/episode_21/the_devil_and_dr_phil.html,10,21,The Devil and Dr. Phil,"May 17th, 2003",,"April 29th, 2003","Sam Johnson,Chris Marcil",Wil Shriner,2018-04-13 22:55:59
http://www.kacl780.net/frasier/transcripts/season_10/episode_22/fathers_and_sons.html,10,22,Fathers and Sons,"May 22nd, 2003",,"May 6th, 2003",Jon Sherman,Kelsey Grammer,2018-04-13 22:56:14
http://www.kacl780.net/frasier/transcripts/season_10/episode_23/analyzed_kiss.html,10,23,Analyzed Kiss,15th May 2003,,13th May 2003,Saladin K.  Patterson& Heide Perlman,Katy Garretson,2018-04-13 22:56:27
http://www.kacl780.net/frasier/transcripts/season_10/episode_24/a_new_position_for_roz.html,10,24,A New Position For Roz,"May 26, 2003",,"May 20, 2003",Lori Kirkland,Kelsey Grammer,2018-04-13 22:56:44
http://www.kacl780.net/frasier/transcripts/season_11/episode_1/no_sex_please_were_skittish.html,11,1,"No Sex Please, We're Skittish","October 6, 2003",,"September 23, 2003",Bob Daily,David Lee,2018-04-13 22:56:56
http://www.kacl780.net/frasier/transcripts/season_11/episode_2/a_man_a_plan_and_a_gal_julia.html,11,2,"A Man, a Plan, and a Gal: Julia","Oct. 1, 2003",,"Sep. 23, 2003",Jon Sherman,Kelsey Grammer,2018-04-13 22:57:09
http://www.kacl780.net/frasier/transcripts/season_11/episode_3/the_doctor_is_out.html,11,3,The Doctor Is Out,"Oct. 10, 2003",,"Sep. 30, 2003",Joe Keenan,David Lee,2018-04-13 22:57:26
http://www.kacl780.net/frasier/transcripts/season_11/episode_4/the_babysitter.html,11,4,The Babysitter,"November 3, 2003",,"October 7, 2003",Jeffrey Richman,Kelsey Grammer,2018-04-13 22:57:43
http://www.kacl780.net/frasier/transcripts/season_11/episode_5/the_placeholder.html,11,5,The Placeholder,"Nov. 22, 2003",,"Oct. 14, 2003",Lori Kirkland Baker,Sheldon Epps,2018-04-13 22:57:59
http://www.kacl780.net/frasier/transcripts/season_11/episode_6/im_listening.html,11,6,I'm Listening,26th December 2003,,28th October 2003,Heide Perlman,Sheldon Epps,2018-04-13 22:58:13
http://www.kacl780.net/frasier/transcripts/season_11/episode_7/maris_returns_1.html,11,7,Maris Returns,"November 20, 2003",,"November 4, 2003",Chris Marcil,Kelsey Grammer,2018-04-13 22:58:28
http://www.kacl780.net/frasier/transcripts/season_11/episode_8/murder_most_maris_2.html,11,8,,"Dec. 31, 2003",,"Nov. 11, 2003",Sam Johnson,Scott Ellis,2018-04-13 22:58:40
http://www.kacl780.net/frasier/transcripts/season_11/episode_9/guns_n_neuroses.html,11,9,Guns N' Neuroses,26th December 2003,,18th November 2003,Jon Sherman,Scott Ellis,2018-04-13 22:58:55
http://www.kacl780.net/frasier/transcripts/season_11/episode_10/sea_bee_jeebies.html,11,10,SeaBee Jeebies,"December 15, 2003",,"December 2, 2003",Patricia Breen,Kelsey Grammer,2018-04-13 22:59:15
http://www.kacl780.net/frasier/transcripts/season_11/episode_11/high_holidays.html,11,11,High Holidays,29th December 2003,,9th December 2003,Christopher Lloyd,Sheldon Epps,2018-04-13 22:59:32
http://www.kacl780.net/frasier/transcripts/season_11/episode_12/frasier_lite.html,11,12,Frasier-Lite,"Feb. 11, 2004",,"Jan. 6, 2004","Sam Johnson, Chris Marcil, Jeffrey Richman,Jon Sherman, Bob Daily, and Patricia Breen",Sheldon Epps,2018-04-13 22:59:45
http://www.kacl780.net/frasier/transcripts/season_11/episode_13/the_ann_who_came_to_dinner.html,11,13,The Ann Who Came to Dinner,"January 20, 2004",,"January 13, 2004","Sam Johnson,Chris Marcil",Scott Ellis,2018-04-13 23:00:02
http://www.kacl780.net/frasier/transcripts/season_11/episode_14/freudian_sleep.html,11,14,Freudian Sleep,"Feb. 11, 2004",,"Feb. 3, 2004",Lori Kirkland Baker,Cynthia J. Popp,2018-04-13 23:00:18
http://www.kacl780.net/frasier/transcripts/season_11/episode_15/caught_in_the_act.html,11,15,Caught In The Act,"March 10th, 2004",,"February 24, 2004",Joe Keenan,Kelsey Grammer,2018-04-13 23:00:34
http://www.kacl780.net/frasier/transcripts/season_11/episode_16/boo_a_k_a_im_with_her.html,11,16,BOO! (a.k.a. I'm With Her),"March 21, 2004",,"March 2, 2004",Jefferey Richman,Katy Garretson,2018-04-13 23:00:55
http://www.kacl780.net/frasier/transcripts/season_11/episode_17/coots_and_ladders.html,11,17,Coots and Ladders,"April 5, 2004",,"March 16, 2004",Heide Perlman,Kelsey Grammer,2018-04-13 23:01:09
http://www.kacl780.net/frasier/transcripts/season_11/episode_18/match_game.html,11,18,Match Game,"April 2, 2004",,"March 30, 2004",Bob Daily,Katy Garettson,2018-04-13 23:01:29
http://www.kacl780.net/frasier/transcripts/season_11/episode_19/miss_right_now.html,11,19,Miss Right Now,"April 13, 2004",,"April 6, 2004",Ken Levineand David Isaacs,Scott Ellis,2018-04-13 23:01:50
http://www.kacl780.net/frasier/transcripts/season_11/episode_20/and_frasier_makes_three.html,11,20,And Frasier Makes Three,"May 4, 2004",,"April 20, 2004",Sam Johnson,Scott Ellis,2018-04-13 23:02:07
http://www.kacl780.net/frasier/transcripts/season_11/episode_21/detour.html,11,21,Detour,"May 4, 2004",,"April 27, 2004",Chris Marcil,Kelsey Grammer,2018-04-13 23:02:23
http://www.kacl780.net/frasier/transcripts/season_11/episode_22/crock_tales.html,11,22,Crock Tales,"May 5th, 2004",,"May 4th, 2004",John Shermanand Bob Daily,Sheldon Epps,2018-04-13 23:02:41
http://www.kacl780.net/frasier/transcripts/season_11/episode_23/goodnight_seattle_1.html,11,23,,"July 7, 2004",,"May 13, 2004",Christopher Lloydand Joe Keenan,David Lee,2018-04-13 23:03:02
http://www.kacl780.net/frasier/transcripts/season_11/episode_24/goodnight_seattle_2.html,11,24,,"July 16, 2004",,"May 13, 2004",Christopher Lloydand Joe Keenan,David Lee,2018-04-13 23:03:20
http://www.kacl780.net/frasier/transcripts/season_3/episode_14/the_show_where_diane_comes_back.html,3,14,The Show Where Diane Comes Back,10th December 1999,,,,,2018-04-14 19:43:39
http://www.kacl780.net/frasier/transcripts/season_9/episode_20/the_love_you_fake.html,9,20,The Love You Fake,"May 13, 2002",,"April 9, 2002","Sam Johnson,Chris Marcil",Katy Garretson,2018-04-14 19:43:58
http://www.kacl780.net/frasier/transcripts/season_3/episode_14/the_show_where_diane_comes_back.html,3,14,The Show Where Diane Comes Back,10th December 1999,,,,,2018-04-23 16:54:32
http://www.kacl780.net/frasier/transcripts/season_9/episode_20/the_love_you_fake.html,9,20,The Love You Fake,"May 13, 2002",,"April 9, 2002","Sam Johnson,Chris Marcil",Katy Garretson,2018-04-23 16:54:53
http://www.kacl780.net/frasier/transcripts/season_3/episode_14/the_show_where_diane_comes_back.html,3,14,The Show Where Diane Comes Back,10th December 1999,,,,,2018-05-23 05:51:47
http://www.kacl780.net/frasier/transcripts/season_9/episode_20/the_love_you_fake.html,9,20,The Love You Fake,"May 13, 2002",,"April 9, 2002","Sam Johnson,Chris Marcil",Katy Garretson,2018-05-23 05:52:06
